mean-path-return_agent_0,episodes,mean-path-return_agent_1,last-path-return_agent_0,last-path-return_agent_1,total-samples,max-path-return_agent_0,episode_reward,max-path-return_agent_1
-2.5,1,-2.5,-5.0,-5.0,2,-5.0,1,-5.0
16.666666666666668,2,3.3333333333333335,50.0,10.0,5,50.0,2,10.0
-1.6666666666666667,3,-1.6666666666666667,-5.0,-5.0,8,50.0,3,10.0
3.3333333333333335,4,16.666666666666668,10.0,50.0,11,50.0,4,50.0
