last-path-return_agent_0,max-path-return_agent_1,episode_reward,last-path-return_agent_1,mean-path-return_agent_1,episodes,mean-path-return_agent_0,total-samples,max-path-return_agent_0
50.0,10.0,1,10.0,3.3333333333333335,1,16.666666666666668,3,50.0
10.0,50.0,2,50.0,16.666666666666668,2,3.3333333333333335,6,50.0
-5.0,50.0,3,-5.0,-2.5,3,-2.5,8,50.0
10.0,50.0,4,50.0,16.666666666666668,4,3.3333333333333335,11,50.0
