mean-path-return_agent_1,max-path-return_agent_1,episodes,max-path-return_agent_0,episode_reward,last-path-return_agent_0,total-samples,mean-path-return_agent_0,last-path-return_agent_1
3.3333333333333335,10.0,1,50.0,1,50.0,3,16.666666666666668,10.0
3.3333333333333335,10.0,2,50.0,2,50.0,6,16.666666666666668,10.0
16.666666666666668,50.0,3,50.0,3,10.0,9,3.3333333333333335,50.0
3.3333333333333335,50.0,4,50.0,4,50.0,12,16.666666666666668,10.0
3.3333333333333335,50.0,5,50.0,5,50.0,15,16.666666666666668,10.0
16.666666666666668,50.0,6,50.0,6,10.0,18,3.3333333333333335,50.0
16.666666666666668,50.0,7,50.0,7,10.0,21,3.3333333333333335,50.0
3.3333333333333335,50.0,8,50.0,8,50.0,24,16.666666666666668,10.0
-1.6666666666666667,50.0,9,50.0,9,-5.0,27,-1.6666666666666667,-5.0
