episode_reward,max-path-return_agent_0,mean-path-return_agent_1,mean-path-return_agent_0,last-path-return_agent_1,episodes,total-samples,max-path-return_agent_1,last-path-return_agent_0
1,10.0,16.666666666666668,3.3333333333333335,50.0,1,3,50.0,10.0
2,10.0,16.666666666666668,3.3333333333333335,50.0,2,6,50.0,10.0
3,10.0,-2.5,-2.5,-5.0,3,8,50.0,-5.0
4,10.0,16.666666666666668,3.3333333333333335,50.0,4,11,50.0,10.0
