episodes,max-path-return_agent_0,max-path-return_agent_1,last-path-return_agent_1,last-path-return_agent_0,mean-path-return_agent_1,episode_reward,mean-path-return_agent_0,total-samples
1,50.0,10.0,10.0,50.0,3.3333333333333335,1,16.666666666666668,3
2,50.0,50.0,50.0,10.0,16.666666666666668,2,3.3333333333333335,6
3,50.0,50.0,50.0,10.0,16.666666666666668,3,3.3333333333333335,9
4,50.0,50.0,10.0,50.0,3.3333333333333335,4,16.666666666666668,12
5,50.0,50.0,50.0,10.0,16.666666666666668,5,3.3333333333333335,15
6,50.0,50.0,10.0,50.0,3.3333333333333335,6,16.666666666666668,18
7,50.0,50.0,-5.0,-5.0,-2.5,7,-2.5,20
