mean-path-return_agent_0,episode_reward,last-path-return_agent_1,mean-path-return_agent_1,max-path-return_agent_1,episodes,last-path-return_agent_0,total-samples,max-path-return_agent_0
3.3333333333333335,1,50.0,16.666666666666668,50.0,1,10.0,3,10.0
-1.6666666666666667,2,-5.0,-1.6666666666666667,50.0,2,-5.0,6,10.0
3.3333333333333335,3,50.0,16.666666666666668,50.0,3,10.0,9,10.0
