max-path-return_agent_0,last-path-return_agent_0,mean-path-return_agent_0,episodes,total-samples,max-path-return_agent_1,last-path-return_agent_1,mean-path-return_agent_1,episode_reward
10.0,10.0,3.3333333333333335,1,3,50.0,50.0,16.666666666666668,1
10.0,-5.0,-1.6666666666666667,2,6,50.0,-5.0,-1.6666666666666667,2
10.0,10.0,3.3333333333333335,3,9,50.0,50.0,16.666666666666668,3
