mean-path-return_agent_0,mean-path-return_agent_1,episode_reward,total-samples,last-path-return_agent_0,max-path-return_agent_0,max-path-return_agent_1,episodes,last-path-return_agent_1
3.3333333333333335,16.666666666666668,1,3,10.0,10.0,50.0,1,50.0
-5.0,-5.0,2,5,-10.0,10.0,50.0,2,-10.0
16.666666666666668,3.3333333333333335,3,8,50.0,50.0,50.0,3,10.0
-1.6666666666666667,-1.6666666666666667,4,11,-5.0,50.0,50.0,4,-5.0
