mean-path-return_agent_1,max-path-return_agent_1,episode_reward,total-samples,max-path-return_agent_0,episodes,last-path-return_agent_1,last-path-return_agent_0,mean-path-return_agent_0
16.666666666666668,50.0,1,3,10.0,1,50.0,10.0,3.3333333333333335
3.3333333333333335,50.0,2,6,50.0,2,10.0,50.0,16.666666666666668
3.3333333333333335,50.0,3,9,50.0,3,10.0,50.0,16.666666666666668
