episodes,total-samples,max-path-return_agent_0,mean-path-return_agent_1,last-path-return_agent_1,episode_reward,max-path-return_agent_1,last-path-return_agent_0,mean-path-return_agent_0
1,3,-5.0,-1.6666666666666667,-5.0,1,-5.0,-5.0,-1.6666666666666667
2,6,10.0,16.666666666666668,50.0,2,50.0,10.0,3.3333333333333335
3,9,10.0,-1.6666666666666667,-5.0,3,50.0,-5.0,-1.6666666666666667
4,11,10.0,-2.5,-5.0,4,50.0,-5.0,-2.5
5,14,10.0,16.666666666666668,50.0,5,50.0,10.0,3.3333333333333335
6,17,50.0,3.3333333333333335,10.0,6,50.0,50.0,16.666666666666668
7,19,50.0,25.0,50.0,7,50.0,10.0,5.0
