max-path-return_agent_0,episode_reward,total-samples,mean-path-return_agent_0,last-path-return_agent_0,max-path-return_agent_1,last-path-return_agent_1,episodes,mean-path-return_agent_1
10.0,1,3,3.3333333333333335,10.0,50.0,50.0,1,16.666666666666668
10.0,2,6,3.3333333333333335,10.0,50.0,50.0,2,16.666666666666668
10.0,3,9,3.3333333333333335,10.0,50.0,50.0,3,16.666666666666668
