mean-path-return_agent_0,mean-path-return_agent_1,max-path-return_agent_1,last-path-return_agent_1,episodes,total-samples,episode_reward,last-path-return_agent_0,max-path-return_agent_0
3.3333333333333335,16.666666666666668,50.0,50.0,1,3,1,10.0,10.0
16.666666666666668,3.3333333333333335,50.0,10.0,2,6,2,50.0,50.0
3.3333333333333335,16.666666666666668,50.0,50.0,3,9,3,10.0,50.0
