mean-path-return_agent_0,last-path-return_agent_1,episodes,total-samples,max-path-return_agent_1,mean-path-return_agent_1,last-path-return_agent_0,max-path-return_agent_0,episode_reward
16.666666666666668,10.0,1,3,10.0,3.3333333333333335,50.0,50.0,1
3.3333333333333335,50.0,2,6,50.0,16.666666666666668,10.0,50.0,2
-1.6666666666666667,-5.0,3,9,50.0,-1.6666666666666667,-5.0,50.0,3
-5.0,-10.0,4,11,50.0,-5.0,-10.0,50.0,4
