last-path-return_agent_1,max-path-return_agent_1,max-path-return_agent_0,last-path-return_agent_0,mean-path-return_agent_0,episode_reward,total-samples,episodes,mean-path-return_agent_1
50.0,50.0,10.0,10.0,3.3333333333333335,1,3,1,16.666666666666668
50.0,50.0,10.0,10.0,3.3333333333333335,2,6,2,16.666666666666668
50.0,50.0,10.0,10.0,3.3333333333333335,3,9,3,16.666666666666668
