mean-path-return_agent_0,max-path-return_agent_1,max-path-return_agent_0,last-path-return_agent_0,last-path-return_agent_1,mean-path-return_agent_1,episodes,episode_reward,total-samples
-1.6666666666666667,-5.0,-5.0,-5.0,-5.0,-1.6666666666666667,1,1,3
16.666666666666668,10.0,50.0,50.0,10.0,3.3333333333333335,2,2,6
3.3333333333333335,50.0,50.0,10.0,50.0,16.666666666666668,3,3,9
16.666666666666668,50.0,50.0,50.0,10.0,3.3333333333333335,4,4,12
3.3333333333333335,50.0,50.0,10.0,50.0,16.666666666666668,5,5,15
3.3333333333333335,50.0,50.0,10.0,50.0,16.666666666666668,6,6,18
-2.5,50.0,50.0,-5.0,-5.0,-2.5,7,7,20
