max-path-return_agent_0,max-path-return_agent_1,total-samples,last-path-return_agent_0,episode_reward,mean-path-return_agent_1,episodes,last-path-return_agent_1,mean-path-return_agent_0
10.0,50.0,3,10.0,1,16.666666666666668,1,50.0,3.3333333333333335
50.0,50.0,6,50.0,2,3.3333333333333335,2,10.0,16.666666666666668
50.0,50.0,9,10.0,3,16.666666666666668,3,50.0,3.3333333333333335
