episodes,mean-path-return_agent_1,max-path-return_agent_1,max-path-return_agent_0,last-path-return_agent_1,mean-path-return_agent_0,episode_reward,total-samples,last-path-return_agent_0
1,3.3333333333333335,10.0,50.0,10.0,16.666666666666668,1,3,50.0
2,16.666666666666668,50.0,50.0,50.0,3.3333333333333335,2,6,10.0
3,3.3333333333333335,50.0,50.0,10.0,16.666666666666668,3,9,50.0
