max-path-return_agent_1,mean-path-return_agent_1,episodes,mean-path-return_agent_0,total-samples,last-path-return_agent_0,max-path-return_agent_0,last-path-return_agent_1,episode_reward
10.0,3.3333333333333335,1,16.666666666666668,3,50.0,50.0,10.0,1
10.0,-5.0,2,-5.0,5,-10.0,50.0,-10.0,2
10.0,-1.6666666666666667,3,-1.6666666666666667,8,-5.0,50.0,-5.0,3
10.0,-1.6666666666666667,4,-1.6666666666666667,11,-5.0,50.0,-5.0,4
10.0,-1.6666666666666667,5,-1.6666666666666667,14,-5.0,50.0,-5.0,5
10.0,-1.6666666666666667,6,-1.6666666666666667,17,-5.0,50.0,-5.0,6
10.0,-1.6666666666666667,7,-1.6666666666666667,20,-5.0,50.0,-5.0,7
