last-path-return_agent_0,episodes,mean-path-return_agent_1,max-path-return_agent_0,last-path-return_agent_1,episode_reward,mean-path-return_agent_0,max-path-return_agent_1,total-samples
-5.0,1,-1.6666666666666667,-5.0,-5.0,1,-1.6666666666666667,-5.0,3
-5.0,2,-2.5,-5.0,-5.0,2,-2.5,-5.0,5
10.0,3,16.666666666666668,10.0,50.0,3,3.3333333333333335,50.0,8
-5.0,4,-2.5,10.0,-5.0,4,-2.5,50.0,10
50.0,5,3.3333333333333335,50.0,10.0,5,16.666666666666668,50.0,13
50.0,6,3.3333333333333335,50.0,10.0,6,16.666666666666668,50.0,16
-5.0,7,-2.5,50.0,-5.0,7,-2.5,50.0,18
