max-path-return_agent_1,last-path-return_agent_1,episodes,total-samples,mean-path-return_agent_0,episode_reward,mean-path-return_agent_1,last-path-return_agent_0,max-path-return_agent_0
10.0,10.0,1,3,16.666666666666668,1,3.3333333333333335,50.0,50.0
50.0,50.0,2,6,3.3333333333333335,2,16.666666666666668,10.0,50.0
50.0,-5.0,3,9,-1.6666666666666667,3,-1.6666666666666667,-5.0,50.0
