max-path-return_agent_0,last-path-return_agent_0,max-path-return_agent_1,episode_reward,last-path-return_agent_1,mean-path-return_agent_0,episodes,mean-path-return_agent_1,total-samples
50.0,50.0,10.0,1,10.0,16.666666666666668,1,3.3333333333333335,3
50.0,-5.0,10.0,2,-5.0,-1.6666666666666667,2,-1.6666666666666667,6
50.0,-5.0,10.0,3,-5.0,-2.5,3,-2.5,8
50.0,-5.0,10.0,4,-5.0,-1.6666666666666667,4,-1.6666666666666667,11
