last-path-return_agent_1,total-samples,episodes,max-path-return_agent_0,mean-path-return_agent_0,max-path-return_agent_1,episode_reward,mean-path-return_agent_1,last-path-return_agent_0
50.0,3,1,10.0,3.3333333333333335,50.0,1,16.666666666666668,10.0
10.0,6,2,50.0,16.666666666666668,50.0,2,3.3333333333333335,50.0
50.0,9,3,50.0,3.3333333333333335,50.0,3,16.666666666666668,10.0
