mean-path-return_agent_1,last-path-return_agent_0,max-path-return_agent_1,total-samples,episodes,mean-path-return_agent_0,episode_reward,last-path-return_agent_1,max-path-return_agent_0
3.3333333333333335,50.0,10.0,3,1,16.666666666666668,1,10.0,50.0
16.666666666666668,10.0,50.0,6,2,3.3333333333333335,2,50.0,50.0
16.666666666666668,10.0,50.0,9,3,3.3333333333333335,3,50.0,50.0
3.3333333333333335,50.0,50.0,12,4,16.666666666666668,4,10.0,50.0
16.666666666666668,10.0,50.0,15,5,3.3333333333333335,5,50.0,50.0
-1.6666666666666667,-5.0,50.0,18,6,-1.6666666666666667,6,-5.0,50.0
