mean-path-return_agent_0,max-path-return_agent_0,max-path-return_agent_1,episodes,total-samples,last-path-return_agent_0,last-path-return_agent_1,episode_reward,mean-path-return_agent_1
16.666666666666668,50.0,10.0,1,3,50.0,10.0,1,3.3333333333333335
-1.6666666666666667,50.0,10.0,2,6,-5.0,-5.0,2,-1.6666666666666667
3.3333333333333335,50.0,50.0,3,9,10.0,50.0,3,16.666666666666668
