mean-path-return_agent_1,max-path-return_agent_0,max-path-return_agent_1,last-path-return_agent_1,last-path-return_agent_0,episodes,mean-path-return_agent_0,total-samples,episode_reward
-1.6666666666666667,-5.0,-5.0,-5.0,-5.0,1,-1.6666666666666667,3,1
3.3333333333333335,50.0,10.0,10.0,50.0,2,16.666666666666668,6,2
16.666666666666668,50.0,50.0,50.0,10.0,3,3.3333333333333335,9,3
25.0,50.0,50.0,50.0,10.0,4,5.0,11,4
