mean-path-return_agent_1,last-path-return_agent_0,mean-path-return_agent_0,max-path-return_agent_0,last-path-return_agent_1,episodes,episode_reward,max-path-return_agent_1,total-samples
3.3333333333333335,50.0,16.666666666666668,50.0,10.0,1,1,10.0,3
3.3333333333333335,50.0,16.666666666666668,50.0,10.0,2,2,10.0,6
-1.6666666666666667,-5.0,-1.6666666666666667,50.0,-5.0,3,3,10.0,9
