mean-path-return_agent_1,max-path-return_agent_0,total-samples,mean-path-return_agent_0,last-path-return_agent_0,episode_reward,last-path-return_agent_1,episodes,max-path-return_agent_1
16.666666666666668,10.0,3,3.3333333333333335,10.0,1,50.0,1,50.0
-1.6666666666666667,10.0,6,-1.6666666666666667,-5.0,2,-5.0,2,50.0
3.3333333333333335,50.0,9,16.666666666666668,50.0,3,10.0,3,50.0
3.3333333333333335,50.0,12,16.666666666666668,50.0,4,10.0,4,50.0
-1.6666666666666667,50.0,15,-1.6666666666666667,-5.0,5,-5.0,5,50.0
3.3333333333333335,50.0,18,16.666666666666668,50.0,6,10.0,6,50.0
