last-path-return_agent_0,mean-path-return_agent_0,max-path-return_agent_1,episodes,mean-path-return_agent_1,episode_reward,last-path-return_agent_1,max-path-return_agent_0,total-samples
50.0,16.666666666666668,10.0,1,3.3333333333333335,1,10.0,50.0,3
-5.0,-1.6666666666666667,10.0,2,-1.6666666666666667,2,-5.0,50.0,6
50.0,16.666666666666668,10.0,3,3.3333333333333335,3,10.0,50.0,9
10.0,3.3333333333333335,50.0,4,16.666666666666668,4,50.0,50.0,12
10.0,3.3333333333333335,50.0,5,16.666666666666668,5,50.0,50.0,15
50.0,16.666666666666668,50.0,6,3.3333333333333335,6,10.0,50.0,18
