total-samples,last-path-return_agent_1,max-path-return_agent_0,max-path-return_agent_1,episode_reward,episodes,mean-path-return_agent_0,last-path-return_agent_0,mean-path-return_agent_1
3,-5.0,-5.0,-5.0,1,1,-1.6666666666666667,-5.0,-1.6666666666666667
6,10.0,50.0,10.0,2,2,16.666666666666668,50.0,3.3333333333333335
9,10.0,50.0,10.0,3,3,16.666666666666668,50.0,3.3333333333333335
12,-5.0,50.0,10.0,4,4,-1.6666666666666667,-5.0,-1.6666666666666667
15,50.0,50.0,50.0,5,5,3.3333333333333335,10.0,16.666666666666668
18,50.0,50.0,50.0,6,6,3.3333333333333335,10.0,16.666666666666668
21,50.0,50.0,50.0,7,7,3.3333333333333335,10.0,16.666666666666668
