mean-path-return_agent_0,last-path-return_agent_1,episodes,max-path-return_agent_0,total-samples,episode_reward,last-path-return_agent_0,max-path-return_agent_1,mean-path-return_agent_1
16.666666666666668,10.0,1,50.0,3,1,50.0,10.0,3.3333333333333335
-1.6666666666666667,-5.0,2,50.0,6,2,-5.0,10.0,-1.6666666666666667
3.3333333333333335,50.0,3,50.0,9,3,10.0,50.0,16.666666666666668
