max-path-return_agent_1,mean-path-return_agent_1,max-path-return_agent_0,total-samples,mean-path-return_agent_0,episode_reward,last-path-return_agent_0,last-path-return_agent_1,episodes
10.0,3.3333333333333335,50.0,3,16.666666666666668,1,50.0,10.0,1
10.0,-1.6666666666666667,50.0,6,-1.6666666666666667,2,-5.0,-5.0,2
50.0,16.666666666666668,50.0,9,3.3333333333333335,3,10.0,50.0,3
