last-path-return_agent_1,total-samples,last-path-return_agent_0,episodes,max-path-return_agent_0,mean-path-return_agent_1,episode_reward,max-path-return_agent_1,mean-path-return_agent_0
50.0,3,10.0,1,10.0,16.666666666666668,1,50.0,3.3333333333333335
50.0,5,10.0,2,10.0,25.0,2,50.0,5.0
50.0,8,10.0,3,10.0,16.666666666666668,3,50.0,3.3333333333333335
-5.0,11,-5.0,4,10.0,-1.6666666666666667,4,50.0,-1.6666666666666667
50.0,14,10.0,5,10.0,16.666666666666668,5,50.0,3.3333333333333335
50.0,17,10.0,6,10.0,16.666666666666668,6,50.0,3.3333333333333335
10.0,20,50.0,7,50.0,3.3333333333333335,7,50.0,16.666666666666668
-5.0,22,-5.0,8,50.0,-2.5,8,50.0,-2.5
