episodes,last-path-return_agent_1,episode_reward,total-samples,max-path-return_agent_0,max-path-return_agent_1,mean-path-return_agent_1,last-path-return_agent_0,mean-path-return_agent_0
1,10.0,1,3,50.0,10.0,3.3333333333333335,50.0,16.666666666666668
2,-5.0,2,6,50.0,10.0,-1.6666666666666667,-5.0,-1.6666666666666667
3,50.0,3,9,50.0,50.0,16.666666666666668,10.0,3.3333333333333335
4,10.0,4,12,50.0,50.0,3.3333333333333335,50.0,16.666666666666668
