last-path-return_agent_0,mean-path-return_agent_1,max-path-return_agent_0,episodes,last-path-return_agent_1,total-samples,episode_reward,mean-path-return_agent_0,max-path-return_agent_1
50.0,3.3333333333333335,50.0,1,10.0,3,1,16.666666666666668,10.0
50.0,3.3333333333333335,50.0,2,10.0,6,2,16.666666666666668,10.0
50.0,3.3333333333333335,50.0,3,10.0,9,3,16.666666666666668,10.0
10.0,16.666666666666668,50.0,4,50.0,12,4,3.3333333333333335,50.0
50.0,3.3333333333333335,50.0,5,10.0,15,5,16.666666666666668,50.0
-5.0,-1.6666666666666667,50.0,6,-5.0,18,6,-1.6666666666666667,50.0
-10.0,-5.0,50.0,7,-10.0,20,7,-5.0,50.0
