max-path-return_agent_1,last-path-return_agent_1,total-samples,last-path-return_agent_0,max-path-return_agent_0,mean-path-return_agent_1,episode_reward,mean-path-return_agent_0,episodes
10.0,10.0,3,50.0,50.0,3.3333333333333335,1,16.666666666666668,1
10.0,10.0,6,50.0,50.0,3.3333333333333335,2,16.666666666666668,2
50.0,50.0,9,10.0,50.0,16.666666666666668,3,3.3333333333333335,3
50.0,10.0,11,50.0,50.0,5.0,4,25.0,4
