last-path-return_agent_0,mean-path-return_agent_0,episode_reward,mean-path-return_agent_1,max-path-return_agent_1,last-path-return_agent_1,total-samples,max-path-return_agent_0,episodes
50.0,16.666666666666668,1,3.3333333333333335,10.0,10.0,3,50.0,1
-10.0,-5.0,2,-5.0,10.0,-10.0,5,50.0,2
10.0,3.3333333333333335,3,16.666666666666668,50.0,50.0,8,50.0,3
10.0,3.3333333333333335,4,16.666666666666668,50.0,50.0,11,50.0,4
