max-path-return_agent_1,last-path-return_agent_0,last-path-return_agent_1,max-path-return_agent_0,episodes,mean-path-return_agent_0,total-samples,mean-path-return_agent_1,episode_reward
10.0,50.0,10.0,50.0,1,16.666666666666668,3,3.3333333333333335,1
10.0,-5.0,-5.0,50.0,2,-1.6666666666666667,6,-1.6666666666666667,2
50.0,10.0,50.0,50.0,3,3.3333333333333335,9,16.666666666666668,3
50.0,50.0,10.0,50.0,4,16.666666666666668,12,3.3333333333333335,4
50.0,10.0,50.0,50.0,5,3.3333333333333335,15,16.666666666666668,5
50.0,50.0,10.0,50.0,6,16.666666666666668,18,3.3333333333333335,6
50.0,50.0,10.0,50.0,7,16.666666666666668,21,3.3333333333333335,7
50.0,50.0,10.0,50.0,8,16.666666666666668,24,3.3333333333333335,8
50.0,10.0,50.0,50.0,9,3.3333333333333335,27,16.666666666666668,9
