mean-path-return_agent_1,episodes,mean-path-return_agent_0,max-path-return_agent_1,total-samples,max-path-return_agent_0,last-path-return_agent_1,episode_reward,last-path-return_agent_0
3.3333333333333335,1,16.666666666666668,10.0,3,50.0,10.0,1,50.0
-1.6666666666666667,2,-1.6666666666666667,10.0,6,50.0,-5.0,2,-5.0
-5.0,3,-5.0,10.0,8,50.0,-10.0,3,-10.0
16.666666666666668,4,3.3333333333333335,50.0,11,50.0,50.0,4,10.0
