mean-path-return_agent_0,last-path-return_agent_1,max-path-return_agent_1,mean-path-return_agent_1,total-samples,episodes,max-path-return_agent_0,episode_reward,last-path-return_agent_0
16.666666666666668,10.0,10.0,3.3333333333333335,3,1,50.0,1,50.0
3.3333333333333335,50.0,50.0,16.666666666666668,6,2,50.0,2,10.0
3.3333333333333335,50.0,50.0,16.666666666666668,9,3,50.0,3,10.0
-5.0,-10.0,50.0,-5.0,11,4,50.0,4,-10.0
