last-path-return_agent_0,total-samples,last-path-return_agent_1,episode_reward,episodes,max-path-return_agent_1,max-path-return_agent_0,mean-path-return_agent_1,mean-path-return_agent_0
10.0,3,50.0,1,1,50.0,10.0,16.666666666666668,3.3333333333333335
50.0,6,10.0,2,2,50.0,50.0,3.3333333333333335,16.666666666666668
50.0,9,10.0,3,3,50.0,50.0,3.3333333333333335,16.666666666666668
10.0,12,50.0,4,4,50.0,50.0,16.666666666666668,3.3333333333333335
10.0,15,50.0,5,5,50.0,50.0,16.666666666666668,3.3333333333333335
10.0,18,50.0,6,6,50.0,50.0,16.666666666666668,3.3333333333333335
