max-path-return_agent_0,mean-path-return_agent_0,max-path-return_agent_1,last-path-return_agent_1,episode_reward,mean-path-return_agent_1,episodes,last-path-return_agent_0,total-samples
50.0,16.666666666666668,10.0,10.0,1,3.3333333333333335,1,50.0,3
50.0,3.3333333333333335,50.0,50.0,2,16.666666666666668,2,10.0,6
50.0,16.666666666666668,50.0,10.0,3,3.3333333333333335,3,50.0,9
50.0,-2.5,50.0,-5.0,4,-2.5,4,-5.0,11
50.0,16.666666666666668,50.0,10.0,5,3.3333333333333335,5,50.0,14
50.0,25.0,50.0,10.0,6,5.0,6,50.0,16
50.0,16.666666666666668,50.0,10.0,7,3.3333333333333335,7,50.0,19
50.0,3.3333333333333335,50.0,50.0,8,16.666666666666668,8,10.0,22
