last-path-return_agent_0,mean-path-return_agent_0,episode_reward,mean-path-return_agent_1,max-path-return_agent_0,total-samples,max-path-return_agent_1,episodes,last-path-return_agent_1
10.0,3.3333333333333335,1,16.666666666666668,10.0,3,50.0,1,50.0
10.0,3.3333333333333335,2,16.666666666666668,10.0,6,50.0,2,50.0
50.0,16.666666666666668,3,3.3333333333333335,50.0,9,50.0,3,10.0
