last-path-return_agent_1,episode_reward,mean-path-return_agent_1,last-path-return_agent_0,episodes,mean-path-return_agent_0,max-path-return_agent_0,total-samples,max-path-return_agent_1
50.0,1,16.666666666666668,10.0,1,3.3333333333333335,10.0,3,50.0
50.0,2,16.666666666666668,10.0,2,3.3333333333333335,10.0,6,50.0
50.0,3,16.666666666666668,10.0,3,3.3333333333333335,10.0,9,50.0
