mean-path-return_agent_1,mean-path-return_agent_0,last-path-return_agent_1,max-path-return_agent_0,max-path-return_agent_1,episodes,total-samples,last-path-return_agent_0,episode_reward
3.3333333333333335,16.666666666666668,10.0,50.0,10.0,1,3,50.0,1
-1.6666666666666667,-1.6666666666666667,-5.0,50.0,10.0,2,6,-5.0,2
3.3333333333333335,16.666666666666668,10.0,50.0,10.0,3,9,50.0,3
25.0,5.0,50.0,50.0,50.0,4,11,10.0,4
3.3333333333333335,16.666666666666668,10.0,50.0,50.0,5,14,50.0,5
