mean-path-return_agent_1,mean-path-return_agent_0,max-path-return_agent_0,max-path-return_agent_1,last-path-return_agent_0,last-path-return_agent_1,episodes,episode_reward,total-samples
3.3333333333333335,16.666666666666668,50.0,10.0,50.0,10.0,1,1,3
16.666666666666668,3.3333333333333335,50.0,50.0,10.0,50.0,2,2,6
-2.5,-2.5,50.0,50.0,-5.0,-5.0,3,3,8
16.666666666666668,3.3333333333333335,50.0,50.0,10.0,50.0,4,4,11
